{
  "0": 0.776870904909796,
  "1": 0.1733433294271784,
  "2": 0.03867812485574835,
  "3": 0.008630256193304093,
  "4": 0.0019256704465339207,
  "5": 0.0004296751551282121,
  "6": 9.58734861755594e-05,
  "7": 2.139226632434084e-05,
  "8": 4.773259810888034e-06
}