{
  "0": 0.6321985783312535,
  "1": 0.23257285970588182,
  "2": 0.08555877366024407,
  "3": 0.0314753138414445,
  "4": 0.011579120866686367,
  "5": 0.004259720513693168,
  "6": 0.0015670636021239718,
  "7": 0.0005764904822294742,
  "8": 0.00021207899644323425
}